"","X1.vars","X1.n","X1.mean","X1.sd","X1.median","X1.trimmed","X1.mad","X1.min","X1.max","X1.range","X1.skew","X1.kurtosis","X1.se","X1.IQR"
"danceability",1,8275,0.665956181268882,0.145999826271717,0.679,0.672600966621356,0.1541904,0.0789,0.979,0.9001,-0.552353850430056,0.359791103007655,0.00160497524319959,0.213
"energy",2,8275,0.452169042489426,0.212479293649654,0.446,0.448847304032623,0.2268378,2.02e-05,1,0.9999798,0.131412879341026,-0.560109356745804,0.00233578364241035,0.306
"loudness",3,8275,-10.9203828398792,4.95198919445626,-10.012,-10.4044805920556,4.3351224,-45.207,1.009,46.216,-1.32596904050578,3.14682322109684,0.0544371884861194,5.9705
"speechiness",4,8275,0.360217643504532,0.125293397525109,0.331,0.341827820570911,0.0978516,0.182,0.959,0.777,1.82029918865548,4.50253239514836,0.00137734959211469,0.141
"acousticness",5,8275,0.496125247863444,0.313093030454683,0.502,0.497730705331521,0.437367,1.14e-06,0.996,0.99599886,-0.0376367680974728,-1.39025358746067,0.00344182986740612,0.59
"instrumentalness",6,8275,0.281204927425982,0.376278376436471,0.00184,0.23496900384383,0.002727984,0,0.987,0.987,0.807982544705488,-1.15068811741928,0.00413642600921959,0.712
"liveness",7,8275,0.17619380060423,0.123686527641986,0.121,0.153101465035493,0.04492278,0.0294,0.983,0.9536,2.00376621065115,4.51525154772676,0.00135968528081163,0.107
"valence",8,8275,0.469791842900302,0.218765990865836,0.459,0.465983084126265,0.2401812,0,0.996,0.996,0.129398613043992,-0.676692391128395,0.00240489326843611,0.324
"tempo",9,8275,115.016544652568,36.9887724499856,102.015,112.203340280924,35.7914466,30.037,239.697,209.66,0.502732504900242,-0.929372952296952,0.406617360955518,62.6465
