"","X2.vars","X2.n","X2.mean","X2.sd","X2.median","X2.trimmed","X2.mad","X2.min","X2.max","X2.range","X2.skew","X2.kurtosis","X2.se","X2.IQR"
"danceability",1,30959,0.609503976226622,0.143899339236473,0.617,0.614541079575276,0.1452948,0.0594,0.985,0.9256,-0.348445790910443,0.016497382982994,0.000817834331465578,0.196
"energy",2,30959,0.596589108175329,0.153984473231003,0.592,0.596173159998385,0.1645686,0.0614,0.999,0.9376,0.00747288194364325,-0.449100730287308,0.000875151959620934,0.224
"loudness",3,30959,-7.60339975451403,2.96766520791128,-7.085,-7.30727376963139,2.5989978,-36.379,-0.783,35.596,-1.2023627915199,2.64740598169771,0.0168663630021076,3.615
"speechiness",4,30959,0.0622422558868181,0.0436683827315877,0.0444,0.0532248576850095,0.02120118,0.0216,0.25,0.2284,1.77676888422267,2.62050381333076,0.000248183923477107,0.0415
"acousticness",5,30959,0.211245993448432,0.187743176979359,0.163,0.188321635915863,0.19258974,1.41e-06,0.985,0.98499859,0.908369301026991,0.115910934744045,0.00106701543208491,0.28415
"instrumentalness",6,30959,0.169018054407442,0.319544196462381,1.06e-05,0.0988056419879688,1.571556e-05,0,0.997,0.997,1.57302433241172,0.70132834819659,0.00181609043984601,0.0794
"liveness",7,30959,0.153646002777867,0.0901098934894069,0.118,0.138253308571198,0.04432974,0.0148,0.653,0.6382,1.57313115704995,2.05292331052487,0.000512128581627737,0.0845
"valence",8,30959,0.421273626086114,0.219091485161136,0.396,0.411009608785175,0.2357334,1e-05,0.99,0.98999,0.374596545278599,-0.610429961854498,0.00124517971553787,0.324
"tempo",9,30959,119.598728576504,29.8627324394025,119.778,118.046406152852,35.6758038,39.754,229.935,190.181,0.355507306104001,-0.645115833280552,0.169721195037454,46.0605
